<?xml version="1.0" encoding="UTF-8" standalone="yes"?>
<manifest>
  <control namespace="Manny" constructor="BasicTimeline" version="0.0.21" display-name-key="Veritec CRM Timeline" description-key="A timeline based chronological view" control-type="standard" api-version="1.1.0">
    <data-set name="dataSetGrid" display-name-key="VeriTimeline"/>
    <resources>
      <code path="bundle.js" order="1"/>
      <css path="dist/tm-net.min.css" order="1"/>
    </resources>
    <built-by name="pac" version="0.2.71"/>
  </control>
</manifest>